07-06-2023,11:50:17,Nisanth,Granted
07-06-2023,11:50:19,Aravind,Granted
07-06-2023,11:50:28,Farzin,Denied
07-06-2023,11:50:33,Abdul,Denied
07-06-2023,14:15:34,Nisanth,Granted
07-06-2023,14:15:36,Aravind,Granted
07-06-2023,14:31:49,Nisanth,Granted
07-06-2023,14:44:06,Nisanth,Granted
07-06-2023,14:44:09,Aravind,Granted
07-06-2023,14:49:19,Nisanth,Granted
07-06-2023,14:49:21,Aravind,Granted
07-06-2023,14:50:47,Nisanth,Granted
07-06-2023,14:52:42,Nisanth,Granted
07-06-2023,14:52:43,Aravind,Granted
07-06-2023,14:52:50,Abdul,Denied
07-06-2023,14:52:54,Vijay,Denied
07-06-2023,14:55:42,Nisanth,Granted
07-06-2023,14:57:51,Nisanth,Granted
07-06-2023,14:57:52,Aravind,Granted
07-06-2023,15:00:49,Nisanth,Granted
07-06-2023,15:00:51,Aravind,Granted
07-06-2023,15:00:58,Abdul,Denied
07-06-2023,15:01:03,Farzin,Denied
07-06-2023,15:01:05,Vijay,Denied
07-06-2023,15:02:47,Aravind,Granted
07-06-2023,15:03:12,Vijay,Denied
07-06-2023,15:03:20,Nisanth,Granted
07-06-2023,15:03:37,Farzin,Denied
07-06-2023,15:03:47,Aravind,Granted
07-06-2023,15:03:55,Abdul,Denied
07-06-2023,15:05:36,Aravind,Granted
07-06-2023,15:05:42,Abdul,Denied
07-06-2023,15:05:43,Vijay,Denied
07-06-2023,15:07:02,Nisanth,Granted
07-06-2023,15:08:19,Nisanth,Granted
07-06-2023,15:08:20,Aravind,Granted
07-06-2023,15:08:25,Vijay,Denied
07-06-2023,15:08:46,Abdul,Denied
07-06-2023,15:09:20,Nisanth,Granted
07-06-2023,15:09:24,Aravind,Granted
07-06-2023,15:11:46,Abdul,Denied
07-06-2023,15:11:47,Nisanth,Granted
07-06-2023,15:16:02,Nisanth,Granted
07-06-2023,15:16:04,Aravind,Granted
07-06-2023,15:22:57,Nisanth,Granted
07-06-2023,15:22:58,Aravind,Granted
07-06-2023,15:28:58,Nisanth,Granted
07-06-2023,15:28:59,Aravind,Granted
07-06-2023,15:29:18,Abdul,Denied
07-06-2023,15:31:33,Nisanth,Granted
07-06-2023,15:33:32,Nisanth,Granted
07-06-2023,15:33:33,Aravind,Granted
07-06-2023,15:33:53,Abdul,Denied
07-06-2023,15:34:33,Aravind,Granted
07-06-2023,15:36:37,Nisanth,Granted
07-06-2023,15:36:39,Aravind,Granted
07-06-2023,15:36:55,Abdul,Denied
07-06-2023,15:38:03,Nisanth,Granted
07-06-2023,15:38:05,Aravind,Granted
07-06-2023,15:38:40,Abdul,Denied
07-06-2023,15:39:05,Aravind,Granted
07-06-2023,15:39:12,Nisanth,Granted
07-06-2023,15:42:36,Nisanth,Granted
07-06-2023,15:42:37,Aravind,Granted
07-06-2023,15:42:50,Abdul,Granted
07-06-2023,15:45:42,Nisanth,Granted
07-06-2023,15:45:44,Aravind,Granted
07-06-2023,15:48:28,Nisanth,Granted
07-06-2023,15:48:30,Aravind,Granted
07-06-2023,15:48:38,Nisanth,Granted
07-06-2023,15:48:40,Aravind,Granted
07-06-2023,15:48:48,Nisanth,Granted
07-06-2023,15:48:50,Aravind,Granted
07-06-2023,15:49:00,Aravind,Granted
07-06-2023,15:49:01,Nisanth,Granted
07-06-2023,15:49:10,Aravind,Granted
07-06-2023,15:49:27,Nisanth,Granted
07-06-2023,15:49:40,Aravind,Granted
07-06-2023,20:46:33,Nisanth,Granted
07-06-2023,20:46:48,Aravind,Granted
10-06-2023,23:26:25,Nisanth,Granted
10-06-2023,23:26:41,Aravind,Granted
12-06-2023,15:59:32,Nisanth,Granted
12-06-2023,15:59:37,Aravind,Granted
12-06-2023,16:19:02,Nisanth,Granted
12-06-2023,16:19:04,Vekash,Granted
12-06-2023,16:19:10,Aravind,Granted
12-06-2023,21:49:41,Nisanth,Granted
12-06-2023,21:49:45,Adarsh,Denied
12-06-2023,21:49:56,Aravind,Granted
12-06-2023,21:50:11,Nisanth,Granted
12-06-2023,21:50:16,Adarsh,Denied
12-06-2023,21:50:35,Aravind,Granted
12-06-2023,21:50:41,Nisanth,Granted
12-06-2023,21:50:46,Adarsh,Denied
12-06-2023,21:58:29,Aravind,Granted
12-06-2023,21:58:59,Aravind,Granted
12-06-2023,21:59:30,Aravind,Granted
12-06-2023,22:41:51,Nisanth,Granted
12-06-2023,22:42:01,Aravind,Granted
12-06-2023,22:55:41,Nisanth,Granted
15-06-2023,15:30:36,20bad010,Denied
15-06-2023,15:31:06,20bad010,Denied
15-06-2023,15:31:36,20bad010,Denied
15-06-2023,15:32:11,20bad010,Denied
15-06-2023,15:32:15,santaxd,Denied
15-06-2023,15:51:12,2423,Denied
15-06-2023,15:51:29,iphone_aravind,Granted
15-06-2023,15:51:42,2423,Denied
15-06-2023,15:51:46,20bad010,Denied
15-06-2023,15:51:51,aj,Granted
15-06-2023,15:53:26,blah,Granted
15-06-2023,15:53:27,2423,Denied
15-06-2023,15:54:27,2423,Denied
15-06-2023,15:54:30,blah,Denied
15-06-2023,15:55:00,blah,Denied
15-06-2023,15:55:15,2423,Denied
15-06-2023,15:55:31,blah,Denied
15-06-2023,22:11:35,20BAD005_Aravind,Granted
15-06-2023,22:11:49,20bad010,Denied
15-06-2023,22:11:52,blah,Denied
15-06-2023,22:11:55,20bad203,Denied
15-06-2023,22:12:09,aj,Granted
15-06-2023,22:31:15,aj,Granted
15-06-2023,22:31:16,2423,Denied
15-06-2023,22:31:46,2423,Denied
15-06-2023,22:32:42,blah,Denied
15-06-2023,22:32:54,20BAD005_Aravind,Granted
15-06-2023,22:33:39,20BAD005_Aravind,Granted
15-06-2023,22:36:18,20BAD005_Aravind,Granted
15-06-2023,22:36:30,aj,Granted
15-06-2023,22:51:06,20BAD005_Aravind,Granted
15-06-2023,22:51:21,20bad010,Denied
15-06-2023,22:51:39,20BAD005_Aravind,Granted
15-06-2023,22:53:47,20BAD005_Aravind,Granted
15-06-2023,22:54:20,blah,Denied
15-06-2023,22:55:04,20BAD005_Aravind,Granted
15-06-2023,22:55:16,blah,Denied
15-06-2023,22:55:34,20BAD005_Aravind,Granted
15-06-2023,23:20:29,blah,Denied
15-06-2023,23:21:05,20bad010,Denied
15-06-2023,23:21:08,20BAD005_Aravind,Granted
15-06-2023,23:24:31,santaxd,Denied
15-06-2023,23:24:33,20BAD005_Aravind,Granted
15-06-2023,23:25:22,santaxd,Denied
15-06-2023,23:25:49,20bad010,Denied
15-06-2023,23:27:28,blah,Denied
15-06-2023,23:28:31,20BAD005_Aravind,Granted
15-06-2023,23:28:36,blah,Denied
15-06-2023,23:29:08,santaxd,Denied
15-06-2023,23:29:12,blah,Denied
15-06-2023,23:33:03,blah,Denied
15-06-2023,23:33:34,blah,Denied
15-06-2023,23:40:24,20bad203,Denied
15-06-2023,23:40:27,blah,Denied
15-06-2023,23:40:30,santaxd,Denied
15-06-2023,23:40:45,20BAD005_Aravind,Granted
15-06-2023,23:40:58,blah,Denied
15-06-2023,23:41:07,santaxd,Denied
15-06-2023,23:41:17,20BAD005_Aravind,Granted
15-06-2023,23:45:07,Aravind_001,Granted
15-06-2023,23:45:10,santaxd,Denied
15-06-2023,23:45:12,nanda_001,Granted
15-06-2023,23:45:21,blah,Denied
15-06-2023,23:45:39,Aravind_001,Granted
15-06-2023,23:45:46,20bad203,Denied
15-06-2023,23:45:48,nanda_001,Granted
15-06-2023,23:45:55,blah,Denied
15-06-2023,23:47:24,nanda_001,Granted
15-06-2023,23:47:31,Aravind_001,Granted
15-06-2023,23:50:45,nanda_001,Granted
15-06-2023,23:51:03,20BAD005_Aravind,Granted
15-06-2023,23:51:04,Aravind_001,Granted
15-06-2023,23:52:45,Aravind_001,Granted
15-06-2023,23:52:46,nanda_001,Granted
15-06-2023,23:53:37,20bad203,Denied
15-06-2023,23:53:40,nanda_001,Granted
15-06-2023,23:55:19,abdul_001,Granted
15-06-2023,23:55:21,nanda_001,Granted
15-06-2023,23:55:46,Aravind_001,Granted
15-06-2023,23:55:56,nanda_001,Granted
15-06-2023,23:56:13,Aravind_001,Granted
15-06-2023,23:56:23,nanda_001,Granted
15-06-2023,23:57:32,nanda_001,Granted
15-06-2023,23:58:01,Aravind_001,Granted
15-06-2023,23:58:09,nanda_001,Granted
15-06-2023,23:58:35,Aravind_001,Granted
15-06-2023,23:58:57,nanda_001,Granted
15-06-2023,23:58:59,Aravind_001,Granted
15-06-2023,23:59:29,Aravind_001,Granted
16-06-2023,00:00:05,Aravind_001,Granted
16-06-2023,00:00:58,abdul_001,Granted
16-06-2023,00:01:23,nanda_001,Granted
16-06-2023,00:01:29,abdul_001,Granted
16-06-2023,00:01:41,aj,Granted
16-06-2023,00:01:59,abdul_001,Granted
16-06-2023,00:02:08,nanda_001,Granted
16-06-2023,00:02:13,aj,Granted
16-06-2023,00:02:36,abdul_001,Granted
16-06-2023,00:02:41,nanda_001,Granted
16-06-2023,00:02:48,aj,Granted
16-06-2023,00:03:07,abdul_001,Granted
16-06-2023,00:03:11,nanda_001,Granted
16-06-2023,00:03:18,aj,Granted
16-06-2023,00:03:38,abdul_001,Granted
16-06-2023,00:03:41,nanda_001,Granted
16-06-2023,00:03:53,aj,Granted
16-06-2023,00:04:05,Aravind_001,Granted
16-06-2023,00:04:11,nanda_001,Granted
16-06-2023,00:04:13,abdul_001,Granted
16-06-2023,00:04:29,aj,Granted
16-06-2023,00:04:41,nanda_001,Granted
16-06-2023,00:04:46,abdul_001,Granted
16-06-2023,00:05:11,nanda_001,Granted
16-06-2023,00:05:18,abdul_001,Granted
16-06-2023,00:05:40,Aravind_001,Granted
16-06-2023,00:05:42,aj,Granted
16-06-2023,00:05:44,nanda_001,Granted
16-06-2023,00:05:49,abdul_001,Granted
16-06-2023,00:06:14,nanda_001,Granted
16-06-2023,00:06:19,abdul_001,Granted
16-06-2023,00:06:49,abdul_001,Granted
16-06-2023,00:06:52,nanda_001,Granted
16-06-2023,15:57:03,Aravind_001,Granted
16-06-2023,15:57:33,Aravind_001,Granted
16-06-2023,16:02:19,nanda_001,Granted
16-06-2023,16:02:30,Aravind_001,Granted
16-06-2023,16:02:53,nanda_001,Granted
16-06-2023,16:03:29,Aravind_001,Granted
16-06-2023,16:03:37,nanda_001,Granted
16-06-2023,16:16:19,nanda_001,Granted
16-06-2023,16:16:49,nanda_001,Granted
16-06-2023,16:17:29,nanda_001,Granted
16-06-2023,16:17:59,nanda_001,Granted
16-06-2023,16:18:30,Aravind_001,Granted
16-06-2023,16:18:34,abdul_001,Granted
16-06-2023,16:18:54,nanda_001,Granted
16-06-2023,16:53:41,nanda_001,Granted
16-06-2023,16:54:11,nanda_001,Granted
16-06-2023,16:54:41,nanda_001,Granted
16-06-2023,16:55:06,Aravind_001,Granted
16-06-2023,16:55:12,nanda_001,Granted
16-06-2023,17:06:43,Aravind_001,Granted
16-06-2023,17:07:48,Aravind_001,Granted
16-06-2023,17:07:57,nanda_001,Granted
16-06-2023,17:08:28,Aravind_001,Granted
16-06-2023,17:19:05,farooq_001,Granted
16-06-2023,17:19:15,nanda_001,Granted
16-06-2023,17:19:51,farooq_001,Granted
22-06-2023,18:29:20,007,Granted
22-06-2023,18:29:35,Aravind_001,Granted
22-06-2023,18:30:59,007,Granted
23-06-2023,05:59:09,Aravind_001,Granted
23-06-2023,05:59:26,abdul_001,Granted
23-06-2023,06:02:15,Aravind_001,Granted
23-06-2023,06:02:28,abdul_001,Granted
23-06-2023,08:42:33,hjghjghjvhjv,Granted
23-06-2023,08:56:41,20BAD005,Granted
23-06-2023,08:56:50,20BEC154,Granted
23-06-2023,08:57:02,20BAD201,Granted
23-06-2023,08:57:24,20BAD010,Granted
23-06-2023,09:04:33,20BAD023,Denied
23-06-2023,09:04:34,20BAD005,Denied
23-06-2023,09:04:54,20BAD010,Denied
23-06-2023,09:05:02,20BAD024,Denied
23-06-2023,09:05:13,20BAD005,Denied
23-06-2023,09:07:15,20BAD005,Denied
23-06-2023,09:17:05,20BAD005,Granted
23-06-2023,09:17:09,20BAD024,Denied
23-06-2023,09:17:28,20BAD201,Granted
23-06-2023,10:06:52,HPD101,Granted
23-06-2023,10:07:32,HPD101,Granted
23-06-2023,10:07:34,20BAD024,Denied
23-06-2023,10:08:16,20BAD005,Granted
23-06-2023,10:08:21,20BAD024,Denied
23-06-2023,10:08:55,HPD101,Granted
23-06-2023,10:10:27,20BAD005,Granted
23-06-2023,10:11:03,HPD101,Granted
23-06-2023,10:11:43,HPD101,Granted
23-06-2023,10:14:24,20BAD005,Granted
23-06-2023,10:14:54,20BAD005,Granted
23-06-2023,10:15:28,20BAD005,Granted
23-06-2023,10:17:54,20BAD010,Denied
23-06-2023,10:18:43,20BAD005,Granted
